-- phpMyAdmin SQL Dump
-- version 5.2.0
-- https://www.phpmyadmin.net/
--
-- Host: 127.0.0.1
-- Generation Time: Jul 28, 2022 at 11:57 AM
-- Server version: 10.4.24-MariaDB
-- PHP Version: 7.4.29

SET SQL_MODE = "NO_AUTO_VALUE_ON_ZERO";
START TRANSACTION;
SET time_zone = "+00:00";


/*!40101 SET @OLD_CHARACTER_SET_CLIENT=@@CHARACTER_SET_CLIENT */;
/*!40101 SET @OLD_CHARACTER_SET_RESULTS=@@CHARACTER_SET_RESULTS */;
/*!40101 SET @OLD_COLLATION_CONNECTION=@@COLLATION_CONNECTION */;
/*!40101 SET NAMES utf8mb4 */;

--
-- Database: `school`
--

-- --------------------------------------------------------

--
-- Table structure for table `failed_jobs`
--

CREATE TABLE `failed_jobs` (
  `id` bigint(20) UNSIGNED NOT NULL,
  `uuid` varchar(255) COLLATE utf8mb4_unicode_ci NOT NULL,
  `connection` text COLLATE utf8mb4_unicode_ci NOT NULL,
  `queue` text COLLATE utf8mb4_unicode_ci NOT NULL,
  `payload` longtext COLLATE utf8mb4_unicode_ci NOT NULL,
  `exception` longtext COLLATE utf8mb4_unicode_ci NOT NULL,
  `failed_at` timestamp NOT NULL DEFAULT current_timestamp()
) ENGINE=InnoDB DEFAULT CHARSET=utf8mb4 COLLATE=utf8mb4_unicode_ci;

-- --------------------------------------------------------

--
-- Table structure for table `gx_attendance`
--

CREATE TABLE `gx_attendance` (
  `ID` bigint(20) UNSIGNED NOT NULL,
  `student_ID` bigint(20) NOT NULL,
  `date` date NOT NULL,
  `is_attendant` tinyint(1) NOT NULL DEFAULT 0,
  `created_at` timestamp NULL DEFAULT NULL,
  `updated_at` timestamp NULL DEFAULT NULL
) ENGINE=InnoDB DEFAULT CHARSET=utf8mb4 COLLATE=utf8mb4_unicode_ci;

--
-- Dumping data for table `gx_attendance`
--

INSERT INTO `gx_attendance` (`ID`, `student_ID`, `date`, `is_attendant`, `created_at`, `updated_at`) VALUES
(1, 99, '2022-01-14', 0, NULL, NULL),
(2, 57, '2021-07-29', 1, NULL, NULL),
(3, 52, '2022-06-03', 1, NULL, NULL),
(4, 94, '2022-04-20', 0, NULL, NULL),
(5, 46, '2022-06-17', 0, NULL, NULL),
(6, 39, '2022-02-28', 1, NULL, NULL),
(7, 15, '2022-04-20', 0, NULL, NULL),
(8, 41, '2021-08-11', 0, NULL, NULL),
(9, 94, '2022-06-28', 0, NULL, NULL),
(10, 82, '2022-07-12', 0, NULL, NULL),
(11, 68, '2021-12-23', 0, NULL, NULL),
(12, 75, '2022-01-09', 0, NULL, NULL),
(13, 96, '2022-04-17', 1, NULL, NULL),
(14, 83, '2021-12-24', 1, NULL, NULL),
(15, 42, '2021-10-02', 1, NULL, NULL),
(16, 36, '2021-12-24', 1, NULL, NULL),
(17, 88, '2022-07-13', 1, NULL, NULL),
(18, 62, '2021-11-04', 0, NULL, NULL),
(19, 59, '2021-12-19', 0, NULL, NULL),
(20, 59, '2021-09-13', 0, NULL, NULL),
(21, 52, '2022-07-17', 1, NULL, NULL),
(22, 57, '2022-01-10', 1, NULL, NULL),
(23, 55, '2022-05-09', 1, NULL, NULL),
(24, 88, '2021-12-14', 0, NULL, NULL),
(25, 25, '2021-11-24', 0, NULL, NULL),
(26, 35, '2021-09-13', 1, NULL, NULL),
(27, 49, '2022-04-02', 1, NULL, NULL),
(28, 79, '2022-03-28', 1, NULL, NULL),
(29, 47, '2021-11-03', 1, NULL, NULL),
(30, 59, '2021-08-07', 1, NULL, NULL),
(31, 38, '2022-02-23', 1, NULL, NULL),
(32, 100, '2021-12-20', 1, NULL, NULL),
(33, 89, '2022-05-25', 1, NULL, NULL),
(34, 72, '2022-07-24', 1, NULL, NULL),
(35, 85, '2022-03-08', 1, NULL, NULL),
(36, 88, '2021-11-16', 0, NULL, NULL),
(37, 89, '2021-12-20', 0, NULL, NULL),
(38, 26, '2022-01-11', 1, NULL, NULL),
(39, 82, '2022-05-21', 0, NULL, NULL),
(40, 2, '2021-10-01', 1, NULL, NULL),
(41, 75, '2022-03-10', 1, NULL, NULL),
(42, 75, '2021-08-06', 1, NULL, NULL),
(43, 56, '2022-01-30', 1, NULL, NULL),
(44, 42, '2021-11-23', 1, NULL, NULL),
(45, 99, '2021-09-03', 0, NULL, NULL),
(46, 81, '2022-01-27', 1, NULL, NULL),
(47, 46, '2022-06-17', 0, NULL, NULL),
(48, 81, '2021-09-08', 0, NULL, NULL),
(49, 31, '2021-10-11', 1, NULL, NULL),
(50, 62, '2022-07-25', 0, NULL, NULL),
(51, 11, '2022-03-08', 0, NULL, NULL),
(52, 50, '2022-03-30', 1, NULL, NULL),
(53, 80, '2022-03-15', 1, NULL, NULL),
(54, 15, '2022-04-29', 0, NULL, NULL),
(55, 68, '2022-07-20', 0, NULL, NULL),
(56, 64, '2022-07-01', 0, NULL, NULL),
(57, 16, '2022-03-24', 0, NULL, NULL),
(58, 59, '2021-12-09', 0, NULL, NULL),
(59, 6, '2021-12-03', 1, NULL, NULL),
(60, 95, '2022-03-13', 0, NULL, NULL),
(61, 78, '2022-02-12', 0, NULL, NULL),
(62, 96, '2021-11-27', 0, NULL, NULL),
(63, 96, '2021-07-28', 1, NULL, NULL),
(64, 76, '2021-08-30', 1, NULL, NULL),
(65, 59, '2021-10-25', 0, NULL, NULL),
(66, 6, '2021-08-23', 0, NULL, NULL),
(67, 59, '2022-05-23', 0, NULL, NULL),
(68, 19, '2022-06-16', 0, NULL, NULL),
(69, 49, '2022-06-28', 1, NULL, NULL),
(70, 6, '2021-10-26', 0, NULL, NULL),
(71, 74, '2021-11-15', 1, NULL, NULL),
(72, 68, '2022-02-19', 1, NULL, NULL),
(73, 72, '2021-09-13', 1, NULL, NULL),
(74, 18, '2021-12-04', 1, NULL, NULL),
(75, 45, '2022-04-01', 0, NULL, NULL),
(76, 94, '2021-09-08', 1, NULL, NULL),
(77, 33, '2021-12-07', 0, NULL, NULL),
(78, 36, '2021-08-25', 1, NULL, NULL),
(79, 91, '2021-12-15', 0, NULL, NULL),
(80, 87, '2022-01-20', 1, NULL, NULL),
(81, 36, '2022-06-18', 0, NULL, NULL),
(82, 26, '2022-01-03', 1, NULL, NULL),
(83, 97, '2022-06-14', 0, NULL, NULL),
(84, 33, '2022-07-09', 1, NULL, NULL),
(85, 75, '2021-12-29', 1, NULL, NULL),
(86, 19, '2022-03-08', 0, NULL, NULL),
(87, 63, '2022-03-23', 1, NULL, NULL),
(88, 82, '2021-10-29', 0, NULL, NULL),
(89, 39, '2022-02-07', 1, NULL, NULL),
(90, 46, '2021-08-01', 1, NULL, NULL),
(91, 41, '2021-11-19', 1, NULL, NULL),
(92, 92, '2022-04-18', 0, NULL, NULL),
(93, 66, '2022-01-25', 0, NULL, NULL),
(94, 9, '2022-04-22', 1, NULL, NULL),
(95, 99, '2021-12-25', 1, NULL, NULL),
(96, 5, '2021-08-05', 1, NULL, NULL),
(97, 79, '2022-06-14', 1, NULL, NULL),
(98, 7, '2021-12-16', 1, NULL, NULL),
(99, 98, '2022-05-29', 1, NULL, NULL),
(100, 2, '2022-07-17', 0, NULL, NULL),
(101, 94, '2021-10-29', 0, NULL, NULL),
(102, 56, '2022-02-02', 1, NULL, NULL),
(103, 10, '2022-02-03', 1, NULL, NULL),
(104, 60, '2022-04-13', 0, NULL, NULL),
(105, 18, '2022-04-01', 0, NULL, NULL),
(106, 69, '2022-03-10', 0, NULL, NULL),
(107, 95, '2022-04-25', 1, NULL, NULL),
(108, 96, '2021-12-09', 1, NULL, NULL),
(109, 53, '2022-04-29', 1, NULL, NULL),
(110, 27, '2022-07-20', 0, NULL, NULL),
(111, 64, '2021-10-20', 1, NULL, NULL),
(112, 41, '2022-01-09', 0, NULL, NULL),
(113, 77, '2022-06-01', 1, NULL, NULL),
(114, 49, '2022-05-22', 1, NULL, NULL),
(115, 65, '2021-12-20', 1, NULL, NULL),
(116, 27, '2021-08-25', 0, NULL, NULL),
(117, 81, '2021-12-27', 0, NULL, NULL),
(118, 12, '2022-03-22', 0, NULL, NULL),
(119, 55, '2022-07-26', 0, NULL, NULL),
(120, 14, '2021-11-20', 0, NULL, NULL),
(121, 93, '2022-06-28', 1, NULL, NULL),
(122, 28, '2021-10-03', 0, NULL, NULL),
(123, 32, '2022-05-30', 1, NULL, NULL),
(124, 70, '2021-08-06', 1, NULL, NULL),
(125, 34, '2022-03-09', 0, NULL, NULL),
(126, 79, '2022-03-25', 1, NULL, NULL),
(127, 10, '2022-04-23', 1, NULL, NULL),
(128, 74, '2021-11-19', 1, NULL, NULL),
(129, 87, '2022-02-27', 1, NULL, NULL),
(130, 91, '2022-04-18', 0, NULL, NULL),
(131, 36, '2022-06-09', 1, NULL, NULL),
(132, 70, '2022-07-23', 1, NULL, NULL),
(133, 97, '2021-12-17', 0, NULL, NULL),
(134, 2, '2022-06-22', 0, NULL, NULL),
(135, 100, '2022-07-02', 1, NULL, NULL),
(136, 55, '2022-06-25', 1, NULL, NULL),
(137, 30, '2021-08-22', 1, NULL, NULL),
(138, 28, '2022-03-31', 0, NULL, NULL),
(139, 58, '2022-06-06', 1, NULL, NULL),
(140, 76, '2021-12-15', 1, NULL, NULL),
(141, 76, '2022-03-27', 1, NULL, NULL),
(142, 67, '2021-12-19', 1, NULL, NULL),
(143, 20, '2022-05-23', 0, NULL, NULL),
(144, 25, '2021-09-16', 1, NULL, NULL),
(145, 86, '2022-06-26', 1, NULL, NULL),
(146, 73, '2022-01-11', 0, NULL, NULL),
(147, 65, '2022-04-14', 0, NULL, NULL),
(148, 99, '2022-02-17', 0, NULL, NULL),
(149, 76, '2022-04-19', 1, NULL, NULL),
(150, 53, '2021-10-10', 0, NULL, NULL),
(151, 6, '2022-01-21', 0, NULL, NULL),
(152, 82, '2021-09-25', 1, NULL, NULL),
(153, 21, '2022-04-17', 0, NULL, NULL),
(154, 100, '2022-01-26', 1, NULL, NULL),
(155, 20, '2021-10-26', 0, NULL, NULL),
(156, 65, '2022-06-02', 1, NULL, NULL),
(157, 21, '2021-12-22', 1, NULL, NULL),
(158, 68, '2022-06-07', 0, NULL, NULL),
(159, 22, '2021-12-12', 1, NULL, NULL),
(160, 63, '2021-12-11', 1, NULL, NULL),
(161, 73, '2021-10-03', 1, NULL, NULL),
(162, 13, '2021-11-06', 0, NULL, NULL),
(163, 33, '2022-07-11', 0, NULL, NULL),
(164, 72, '2021-10-07', 0, NULL, NULL),
(165, 59, '2021-10-25', 1, NULL, NULL),
(166, 28, '2021-08-24', 1, NULL, NULL),
(167, 16, '2022-05-18', 0, NULL, NULL),
(168, 75, '2022-01-21', 0, NULL, NULL),
(169, 30, '2022-06-04', 1, NULL, NULL),
(170, 60, '2021-12-19', 1, NULL, NULL),
(171, 17, '2021-11-19', 1, NULL, NULL),
(172, 55, '2022-06-22', 1, NULL, NULL),
(173, 26, '2022-02-16', 1, NULL, NULL),
(174, 92, '2022-01-25', 1, NULL, NULL),
(175, 60, '2022-05-16', 1, NULL, NULL),
(176, 34, '2022-04-29', 1, NULL, NULL),
(177, 97, '2022-01-08', 1, NULL, NULL),
(178, 86, '2021-08-28', 0, NULL, NULL),
(179, 48, '2022-05-25', 0, NULL, NULL),
(180, 71, '2022-01-15', 1, NULL, NULL),
(181, 69, '2021-11-13', 1, NULL, NULL),
(182, 81, '2022-04-22', 1, NULL, NULL),
(183, 69, '2022-05-04', 1, NULL, NULL),
(184, 8, '2022-01-02', 0, NULL, NULL),
(185, 82, '2021-11-24', 1, NULL, NULL),
(186, 95, '2022-05-12', 1, NULL, NULL),
(187, 61, '2022-05-27', 1, NULL, NULL),
(188, 94, '2021-10-20', 1, NULL, NULL),
(189, 84, '2021-08-23', 0, NULL, NULL),
(190, 86, '2022-06-21', 1, NULL, NULL),
(191, 26, '2022-07-26', 0, NULL, NULL),
(192, 82, '2021-08-30', 1, NULL, NULL),
(193, 49, '2022-05-05', 1, NULL, NULL),
(194, 64, '2021-10-27', 0, NULL, NULL),
(195, 3, '2022-04-10', 0, NULL, NULL),
(196, 79, '2022-02-15', 1, NULL, NULL),
(197, 24, '2022-04-30', 0, NULL, NULL),
(198, 30, '2022-06-18', 1, NULL, NULL),
(199, 1, '2021-09-09', 0, NULL, NULL),
(200, 76, '2021-12-26', 1, NULL, NULL),
(201, 70, '2022-02-22', 0, NULL, NULL),
(202, 17, '2021-08-25', 1, NULL, NULL),
(203, 88, '2021-08-31', 1, NULL, NULL),
(204, 24, '2022-07-01', 1, NULL, NULL),
(205, 72, '2021-11-20', 0, NULL, NULL),
(206, 52, '2022-01-27', 0, NULL, NULL),
(207, 68, '2021-12-22', 0, NULL, NULL),
(208, 89, '2022-07-01', 1, NULL, NULL),
(209, 39, '2021-11-13', 1, NULL, NULL),
(210, 8, '2022-05-09', 1, NULL, NULL),
(211, 43, '2021-08-24', 1, NULL, NULL),
(212, 10, '2021-09-03', 1, NULL, NULL),
(213, 15, '2022-01-04', 1, NULL, NULL),
(214, 76, '2022-05-23', 1, NULL, NULL),
(215, 79, '2022-07-25', 1, NULL, NULL),
(216, 27, '2022-01-13', 1, NULL, NULL),
(217, 37, '2022-03-08', 0, NULL, NULL),
(218, 12, '2022-01-10', 1, NULL, NULL),
(219, 2, '2021-09-29', 0, NULL, NULL),
(220, 89, '2022-05-12', 1, NULL, NULL),
(221, 91, '2021-12-22', 1, NULL, NULL),
(222, 43, '2022-04-02', 0, NULL, NULL),
(223, 95, '2021-08-04', 1, NULL, NULL),
(224, 91, '2022-04-22', 0, NULL, NULL),
(225, 21, '2022-06-05', 1, NULL, NULL),
(226, 25, '2021-11-27', 1, NULL, NULL),
(227, 27, '2021-09-11', 0, NULL, NULL),
(228, 34, '2022-03-30', 0, NULL, NULL),
(229, 73, '2021-11-09', 0, NULL, NULL),
(230, 78, '2021-09-14', 1, NULL, NULL),
(231, 8, '2022-06-10', 0, NULL, NULL),
(232, 56, '2021-11-07', 1, NULL, NULL),
(233, 81, '2021-08-11', 1, NULL, NULL),
(234, 51, '2022-05-24', 0, NULL, NULL),
(235, 88, '2021-12-29', 1, NULL, NULL),
(236, 59, '2022-03-14', 0, NULL, NULL),
(237, 39, '2021-08-15', 1, NULL, NULL),
(238, 14, '2021-08-10', 1, NULL, NULL),
(239, 9, '2021-11-01', 1, NULL, NULL),
(240, 68, '2022-01-06', 0, NULL, NULL),
(241, 89, '2021-12-18', 1, NULL, NULL),
(242, 84, '2021-10-21', 1, NULL, NULL),
(243, 4, '2021-08-18', 0, NULL, NULL),
(244, 61, '2022-07-25', 1, NULL, NULL),
(245, 87, '2022-03-31', 0, NULL, NULL),
(246, 90, '2022-01-01', 0, NULL, NULL),
(247, 93, '2022-06-02', 1, NULL, NULL),
(248, 64, '2021-09-09', 1, NULL, NULL),
(249, 49, '2022-03-25', 1, NULL, NULL),
(250, 84, '2022-03-29', 0, NULL, NULL),
(251, 59, '2022-02-10', 0, NULL, NULL),
(252, 14, '2022-07-05', 1, NULL, NULL),
(253, 93, '2022-03-23', 1, NULL, NULL),
(254, 40, '2021-08-19', 1, NULL, NULL),
(255, 39, '2021-12-31', 0, NULL, NULL),
(256, 37, '2021-07-29', 1, NULL, NULL),
(257, 5, '2022-01-28', 0, NULL, NULL),
(258, 50, '2022-02-08', 0, NULL, NULL),
(259, 47, '2022-04-30', 1, NULL, NULL),
(260, 76, '2021-12-12', 1, NULL, NULL),
(261, 63, '2022-05-04', 1, NULL, NULL),
(262, 45, '2022-06-14', 0, NULL, NULL),
(263, 34, '2021-10-15', 0, NULL, NULL),
(264, 94, '2021-11-28', 0, NULL, NULL),
(265, 40, '2022-01-07', 0, NULL, NULL),
(266, 90, '2022-02-05', 0, NULL, NULL),
(267, 41, '2021-09-01', 0, NULL, NULL),
(268, 42, '2021-09-24', 0, NULL, NULL),
(269, 50, '2021-11-05', 0, NULL, NULL),
(270, 77, '2021-11-27', 1, NULL, NULL),
(271, 40, '2022-07-08', 0, NULL, NULL),
(272, 56, '2022-05-21', 0, NULL, NULL),
(273, 85, '2022-06-15', 0, NULL, NULL),
(274, 55, '2022-04-26', 1, NULL, NULL),
(275, 44, '2021-08-15', 0, NULL, NULL),
(276, 1, '2022-03-28', 0, NULL, NULL),
(277, 65, '2022-03-09', 0, NULL, NULL),
(278, 41, '2022-03-15', 0, NULL, NULL),
(279, 19, '2022-05-20', 1, NULL, NULL),
(280, 50, '2022-03-02', 1, NULL, NULL),
(281, 95, '2022-03-07', 1, NULL, NULL),
(282, 35, '2021-08-18', 0, NULL, NULL),
(283, 59, '2022-02-19', 1, NULL, NULL),
(284, 8, '2021-11-01', 1, NULL, NULL),
(285, 53, '2021-09-26', 1, NULL, NULL),
(286, 93, '2022-01-20', 1, NULL, NULL),
(287, 100, '2021-11-01', 0, NULL, NULL),
(288, 98, '2022-07-16', 1, NULL, NULL),
(289, 41, '2022-01-12', 1, NULL, NULL),
(290, 58, '2022-02-03', 0, NULL, NULL),
(291, 64, '2022-07-17', 1, NULL, NULL),
(292, 50, '2022-07-01', 0, NULL, NULL),
(293, 88, '2021-10-09', 1, NULL, NULL),
(294, 15, '2021-08-11', 0, NULL, NULL),
(295, 13, '2022-05-04', 1, NULL, NULL),
(296, 49, '2021-10-19', 1, NULL, NULL),
(297, 38, '2022-01-27', 1, NULL, NULL),
(298, 5, '2021-09-27', 0, NULL, NULL),
(299, 100, '2021-08-17', 0, NULL, NULL),
(300, 39, '2022-05-21', 1, NULL, NULL),
(301, 47, '2022-05-04', 1, NULL, NULL),
(302, 77, '2022-02-13', 0, NULL, NULL),
(303, 74, '2021-09-24', 0, NULL, NULL),
(304, 20, '2021-11-09', 1, NULL, NULL),
(305, 33, '2021-09-30', 1, NULL, NULL),
(306, 2, '2022-05-24', 0, NULL, NULL),
(307, 4, '2022-05-20', 0, NULL, NULL),
(308, 35, '2022-03-28', 1, NULL, NULL),
(309, 55, '2021-08-31', 0, NULL, NULL),
(310, 97, '2021-10-16', 0, NULL, NULL),
(311, 5, '2022-04-26', 0, NULL, NULL),
(312, 40, '2021-09-07', 0, NULL, NULL),
(313, 30, '2021-10-31', 1, NULL, NULL),
(314, 97, '2022-03-03', 0, NULL, NULL),
(315, 28, '2022-02-03', 1, NULL, NULL),
(316, 16, '2021-10-22', 0, NULL, NULL),
(317, 73, '2022-01-01', 1, NULL, NULL),
(318, 5, '2022-05-04', 1, NULL, NULL),
(319, 1, '2022-03-14', 0, NULL, NULL),
(320, 6, '2022-02-05', 0, NULL, NULL),
(321, 45, '2022-01-09', 1, NULL, NULL),
(322, 83, '2022-06-05', 0, NULL, NULL),
(323, 6, '2022-05-14', 0, NULL, NULL),
(324, 76, '2022-04-06', 0, NULL, NULL),
(325, 4, '2021-09-27', 0, NULL, NULL),
(326, 31, '2021-08-28', 1, NULL, NULL),
(327, 14, '2022-05-27', 1, NULL, NULL),
(328, 20, '2022-01-24', 1, NULL, NULL),
(329, 5, '2022-07-15', 0, NULL, NULL),
(330, 99, '2021-08-02', 0, NULL, NULL),
(331, 70, '2022-03-08', 0, NULL, NULL),
(332, 58, '2021-08-06', 1, NULL, NULL),
(333, 32, '2022-05-05', 0, NULL, NULL),
(334, 4, '2022-05-09', 0, NULL, NULL),
(335, 82, '2021-10-16', 1, NULL, NULL),
(336, 37, '2022-01-06', 0, NULL, NULL),
(337, 2, '2021-08-06', 1, NULL, NULL),
(338, 97, '2022-06-24', 0, NULL, NULL),
(339, 90, '2022-01-14', 1, NULL, NULL),
(340, 67, '2021-11-21', 1, NULL, NULL),
(341, 98, '2021-11-08', 1, NULL, NULL),
(342, 24, '2022-03-19', 0, NULL, NULL),
(343, 2, '2021-08-30', 1, NULL, NULL),
(344, 56, '2021-12-12', 0, NULL, NULL),
(345, 13, '2021-08-05', 1, NULL, NULL),
(346, 64, '2022-02-07', 1, NULL, NULL),
(347, 76, '2022-05-23', 0, NULL, NULL),
(348, 28, '2021-12-19', 0, NULL, NULL),
(349, 89, '2021-11-08', 1, NULL, NULL),
(350, 33, '2022-02-23', 0, NULL, NULL),
(351, 65, '2022-01-05', 1, NULL, NULL),
(352, 45, '2021-11-13', 0, NULL, NULL),
(353, 12, '2021-10-21', 1, NULL, NULL),
(354, 49, '2021-11-17', 0, NULL, NULL),
(355, 27, '2022-02-06', 1, NULL, NULL),
(356, 4, '2022-07-25', 0, NULL, NULL),
(357, 40, '2021-08-23', 0, NULL, NULL),
(358, 67, '2021-11-05', 1, NULL, NULL),
(359, 13, '2022-04-29', 1, NULL, NULL),
(360, 81, '2021-10-31', 1, NULL, NULL),
(361, 18, '2022-01-01', 1, NULL, NULL),
(362, 17, '2022-03-12', 1, NULL, NULL),
(363, 8, '2022-07-16', 0, NULL, NULL),
(364, 35, '2021-10-24', 1, NULL, NULL),
(365, 57, '2021-08-07', 0, NULL, NULL),
(366, 3, '2022-07-24', 0, NULL, NULL),
(367, 34, '2022-03-04', 0, NULL, NULL),
(368, 73, '2022-04-16', 1, NULL, NULL),
(369, 100, '2022-06-23', 0, NULL, NULL),
(370, 87, '2021-09-19', 0, NULL, NULL),
(371, 4, '2021-10-01', 0, NULL, NULL),
(372, 73, '2022-07-18', 1, NULL, NULL),
(373, 4, '2022-03-20', 0, NULL, NULL),
(374, 35, '2021-12-06', 1, NULL, NULL),
(375, 17, '2022-01-24', 0, NULL, NULL),
(376, 37, '2022-06-06', 0, NULL, NULL),
(377, 48, '2021-11-18', 1, NULL, NULL),
(378, 52, '2022-04-20', 1, NULL, NULL),
(379, 92, '2021-09-16', 1, NULL, NULL),
(380, 34, '2022-07-04', 1, NULL, NULL),
(381, 94, '2022-01-23', 1, NULL, NULL),
(382, 88, '2022-01-27', 0, NULL, NULL),
(383, 43, '2022-06-05', 1, NULL, NULL),
(384, 96, '2021-12-10', 1, NULL, NULL),
(385, 25, '2022-06-04', 0, NULL, NULL),
(386, 87, '2022-01-07', 0, NULL, NULL),
(387, 18, '2021-07-30', 0, NULL, NULL),
(388, 33, '2021-11-02', 1, NULL, NULL),
(389, 44, '2022-01-26', 1, NULL, NULL),
(390, 82, '2022-02-21', 0, NULL, NULL),
(391, 49, '2021-08-26', 1, NULL, NULL),
(392, 54, '2022-05-25', 0, NULL, NULL),
(393, 47, '2021-11-12', 0, NULL, NULL),
(394, 92, '2021-09-21', 1, NULL, NULL),
(395, 61, '2022-02-07', 0, NULL, NULL),
(396, 26, '2021-10-24', 0, NULL, NULL),
(397, 63, '2022-07-16', 0, NULL, NULL),
(398, 18, '2022-07-26', 1, NULL, NULL),
(399, 30, '2021-12-05', 1, NULL, NULL),
(400, 68, '2021-10-03', 0, NULL, NULL),
(401, 17, '2021-08-26', 0, NULL, NULL),
(402, 81, '2022-04-08', 0, NULL, NULL),
(403, 83, '2021-09-30', 0, NULL, NULL),
(404, 94, '2022-02-06', 0, NULL, NULL),
(405, 65, '2022-02-15', 0, NULL, NULL),
(406, 69, '2021-08-16', 0, NULL, NULL),
(407, 81, '2021-08-23', 1, NULL, NULL),
(408, 45, '2021-12-04', 1, NULL, NULL),
(409, 6, '2022-05-19', 1, NULL, NULL),
(410, 95, '2022-01-25', 1, NULL, NULL),
(411, 84, '2021-08-24', 1, NULL, NULL),
(412, 5, '2022-02-18', 0, NULL, NULL),
(413, 86, '2022-01-15', 1, NULL, NULL),
(414, 55, '2021-11-18', 1, NULL, NULL),
(415, 21, '2021-10-05', 1, NULL, NULL),
(416, 61, '2022-02-04', 1, NULL, NULL),
(417, 65, '2022-07-03', 0, NULL, NULL),
(418, 62, '2021-09-25', 0, NULL, NULL),
(419, 95, '2021-11-25', 1, NULL, NULL),
(420, 84, '2022-04-19', 0, NULL, NULL),
(421, 33, '2021-10-09', 0, NULL, NULL),
(422, 20, '2021-11-19', 1, NULL, NULL),
(423, 71, '2021-10-10', 0, NULL, NULL),
(424, 20, '2022-04-26', 0, NULL, NULL),
(425, 86, '2022-04-07', 0, NULL, NULL),
(426, 94, '2021-12-23', 1, NULL, NULL),
(427, 76, '2022-01-19', 0, NULL, NULL),
(428, 33, '2022-02-02', 0, NULL, NULL),
(429, 1, '2021-08-13', 0, NULL, NULL),
(430, 14, '2022-01-18', 0, NULL, NULL),
(431, 40, '2022-03-20', 1, NULL, NULL),
(432, 56, '2021-08-12', 0, NULL, NULL),
(433, 5, '2021-08-08', 0, NULL, NULL),
(434, 25, '2022-07-09', 1, NULL, NULL),
(435, 87, '2022-05-26', 0, NULL, NULL),
(436, 66, '2022-04-28', 1, NULL, NULL),
(437, 26, '2022-04-17', 0, NULL, NULL),
(438, 13, '2022-06-21', 1, NULL, NULL),
(439, 12, '2022-03-19', 1, NULL, NULL),
(440, 93, '2022-02-10', 1, NULL, NULL),
(441, 97, '2022-04-26', 0, NULL, NULL),
(442, 46, '2021-09-28', 0, NULL, NULL),
(443, 28, '2022-06-14', 1, NULL, NULL),
(444, 15, '2022-07-05', 0, NULL, NULL),
(445, 58, '2022-03-17', 1, NULL, NULL),
(446, 25, '2022-03-31', 0, NULL, NULL),
(447, 27, '2022-01-21', 1, NULL, NULL),
(448, 54, '2022-04-21', 0, NULL, NULL),
(449, 82, '2022-02-27', 1, NULL, NULL),
(450, 76, '2021-12-04', 1, NULL, NULL),
(451, 55, '2021-12-02', 1, NULL, NULL),
(452, 94, '2021-12-23', 0, NULL, NULL),
(453, 23, '2022-04-25', 1, NULL, NULL),
(454, 61, '2022-05-04', 1, NULL, NULL),
(455, 93, '2022-03-22', 1, NULL, NULL),
(456, 56, '2021-12-13', 1, NULL, NULL),
(457, 88, '2022-07-22', 0, NULL, NULL),
(458, 13, '2022-03-18', 1, NULL, NULL),
(459, 36, '2021-08-03', 1, NULL, NULL),
(460, 37, '2022-07-26', 0, NULL, NULL),
(461, 70, '2021-12-21', 0, NULL, NULL),
(462, 55, '2022-02-05', 1, NULL, NULL),
(463, 68, '2021-10-19', 1, NULL, NULL),
(464, 39, '2022-02-16', 0, NULL, NULL),
(465, 70, '2022-04-14', 1, NULL, NULL),
(466, 88, '2022-07-15', 1, NULL, NULL),
(467, 25, '2021-08-29', 0, NULL, NULL),
(468, 66, '2022-06-26', 1, NULL, NULL),
(469, 67, '2021-12-26', 0, NULL, NULL),
(470, 81, '2022-03-07', 1, NULL, NULL),
(471, 48, '2021-11-22', 0, NULL, NULL),
(472, 33, '2022-07-03', 1, NULL, NULL),
(473, 37, '2021-09-12', 1, NULL, NULL),
(474, 80, '2022-07-21', 1, NULL, NULL),
(475, 98, '2022-02-02', 1, NULL, NULL),
(476, 44, '2022-05-01', 1, NULL, NULL),
(477, 30, '2022-03-04', 0, NULL, NULL),
(478, 82, '2021-12-16', 0, NULL, NULL),
(479, 57, '2021-11-23', 1, NULL, NULL),
(480, 24, '2022-02-18', 1, NULL, NULL),
(481, 50, '2022-02-25', 0, NULL, NULL),
(482, 64, '2021-11-19', 1, NULL, NULL),
(483, 30, '2022-06-02', 1, NULL, NULL),
(484, 80, '2022-03-11', 0, NULL, NULL),
(485, 61, '2021-12-26', 0, NULL, NULL),
(486, 43, '2021-10-11', 0, NULL, NULL),
(487, 45, '2022-01-31', 1, NULL, NULL),
(488, 39, '2021-12-11', 1, NULL, NULL),
(489, 75, '2022-04-22', 0, NULL, NULL),
(490, 28, '2021-11-14', 1, NULL, NULL),
(491, 34, '2022-05-02', 1, NULL, NULL),
(492, 83, '2022-06-10', 0, NULL, NULL),
(493, 16, '2021-12-05', 1, NULL, NULL),
(494, 17, '2021-09-22', 1, NULL, NULL),
(495, 38, '2022-06-15', 0, NULL, NULL),
(496, 46, '2022-01-22', 1, NULL, NULL),
(497, 15, '2021-10-05', 1, NULL, NULL),
(498, 2, '2021-09-06', 1, NULL, NULL),
(499, 63, '2022-07-01', 1, NULL, NULL),
(500, 78, '2022-03-15', 0, NULL, NULL),
(501, 65, '2021-09-27', 1, NULL, NULL),
(502, 9, '2022-01-12', 1, NULL, NULL),
(503, 75, '2021-08-28', 1, NULL, NULL),
(504, 20, '2022-01-28', 1, NULL, NULL),
(505, 26, '2022-04-24', 1, NULL, NULL),
(506, 49, '2021-09-06', 0, NULL, NULL),
(507, 10, '2021-10-03', 1, NULL, NULL),
(508, 72, '2022-02-09', 1, NULL, NULL),
(509, 63, '2022-04-23', 1, NULL, NULL),
(510, 92, '2021-11-16', 0, NULL, NULL),
(511, 56, '2022-05-20', 1, NULL, NULL),
(512, 37, '2021-12-12', 1, NULL, NULL),
(513, 30, '2022-04-20', 1, NULL, NULL),
(514, 38, '2022-05-17', 1, NULL, NULL),
(515, 88, '2021-08-09', 0, NULL, NULL),
(516, 22, '2021-12-19', 0, NULL, NULL),
(517, 28, '2022-01-25', 1, NULL, NULL),
(518, 8, '2022-07-19', 1, NULL, NULL),
(519, 81, '2021-12-29', 1, NULL, NULL),
(520, 62, '2022-07-18', 1, NULL, NULL),
(521, 80, '2021-10-25', 1, NULL, NULL),
(522, 4, '2022-03-28', 1, NULL, NULL),
(523, 19, '2021-09-05', 0, NULL, NULL),
(524, 84, '2022-02-27', 1, NULL, NULL),
(525, 11, '2022-01-18', 1, NULL, NULL),
(526, 4, '2021-10-08', 1, NULL, NULL),
(527, 93, '2021-10-01', 1, NULL, NULL),
(528, 36, '2021-11-14', 0, NULL, NULL),
(529, 37, '2022-05-22', 1, NULL, NULL),
(530, 98, '2022-07-11', 1, NULL, NULL),
(531, 47, '2022-06-03', 0, NULL, NULL),
(532, 47, '2022-06-04', 1, NULL, NULL),
(533, 82, '2022-07-02', 0, NULL, NULL),
(534, 97, '2022-01-11', 0, NULL, NULL),
(535, 78, '2022-07-03', 0, NULL, NULL),
(536, 21, '2021-08-16', 1, NULL, NULL),
(537, 51, '2022-05-19', 0, NULL, NULL),
(538, 19, '2022-01-20', 1, NULL, NULL),
(539, 21, '2022-02-04', 1, NULL, NULL),
(540, 40, '2022-06-30', 0, NULL, NULL),
(541, 22, '2021-12-28', 0, NULL, NULL),
(542, 96, '2021-08-04', 0, NULL, NULL),
(543, 49, '2021-09-19', 0, NULL, NULL),
(544, 38, '2021-11-18', 0, NULL, NULL),
(545, 37, '2022-04-22', 0, NULL, NULL),
(546, 51, '2021-12-07', 0, NULL, NULL),
(547, 64, '2022-05-20', 1, NULL, NULL),
(548, 23, '2022-01-02', 1, NULL, NULL),
(549, 70, '2022-05-06', 0, NULL, NULL),
(550, 79, '2022-02-02', 0, NULL, NULL),
(551, 33, '2021-12-17', 1, NULL, NULL),
(552, 13, '2022-04-06', 0, NULL, NULL),
(553, 58, '2021-09-07', 0, NULL, NULL),
(554, 10, '2021-11-21', 0, NULL, NULL),
(555, 39, '2022-03-17', 1, NULL, NULL),
(556, 7, '2021-12-12', 0, NULL, NULL),
(557, 100, '2022-02-18', 0, NULL, NULL),
(558, 84, '2021-08-19', 0, NULL, NULL),
(559, 69, '2022-05-09', 0, NULL, NULL),
(560, 15, '2022-01-10', 1, NULL, NULL),
(561, 28, '2021-10-25', 1, NULL, NULL),
(562, 86, '2021-10-30', 0, NULL, NULL),
(563, 50, '2021-09-04', 1, NULL, NULL),
(564, 90, '2022-03-24', 1, NULL, NULL),
(565, 76, '2021-11-15', 0, NULL, NULL),
(566, 81, '2022-04-01', 1, NULL, NULL),
(567, 73, '2021-11-30', 1, NULL, NULL),
(568, 35, '2021-10-16', 0, NULL, NULL),
(569, 31, '2022-01-10', 1, NULL, NULL),
(570, 49, '2021-10-04', 1, NULL, NULL),
(571, 14, '2021-10-23', 0, NULL, NULL),
(572, 7, '2021-08-31', 1, NULL, NULL),
(573, 67, '2021-11-11', 1, NULL, NULL),
(574, 96, '2021-12-22', 0, NULL, NULL),
(575, 96, '2021-11-20', 1, NULL, NULL),
(576, 22, '2022-06-09', 0, NULL, NULL),
(577, 57, '2021-08-03', 0, NULL, NULL),
(578, 4, '2021-09-25', 1, NULL, NULL),
(579, 92, '2021-12-12', 0, NULL, NULL),
(580, 85, '2022-05-17', 1, NULL, NULL),
(581, 27, '2021-08-07', 0, NULL, NULL),
(582, 96, '2022-02-17', 0, NULL, NULL),
(583, 11, '2022-04-29', 1, NULL, NULL),
(584, 85, '2022-03-27', 0, NULL, NULL),
(585, 97, '2022-05-09', 0, NULL, NULL),
(586, 13, '2022-07-23', 0, NULL, NULL),
(587, 59, '2021-08-12', 1, NULL, NULL),
(588, 48, '2021-10-04', 0, NULL, NULL),
(589, 100, '2022-07-16', 0, NULL, NULL),
(590, 5, '2021-10-26', 1, NULL, NULL),
(591, 94, '2022-03-27', 1, NULL, NULL),
(592, 70, '2021-09-13', 0, NULL, NULL),
(593, 9, '2022-07-12', 0, NULL, NULL),
(594, 41, '2022-06-10', 0, NULL, NULL),
(595, 14, '2022-07-02', 1, NULL, NULL),
(596, 22, '2021-08-17', 0, NULL, NULL),
(597, 54, '2022-01-07', 0, NULL, NULL),
(598, 13, '2021-11-24', 0, NULL, NULL),
(599, 3, '2022-04-04', 1, NULL, NULL),
(600, 80, '2021-12-31', 1, NULL, NULL),
(601, 32, '2022-02-14', 1, NULL, NULL),
(602, 22, '2021-10-24', 1, NULL, NULL),
(603, 41, '2021-12-28', 1, NULL, NULL),
(604, 49, '2021-09-07', 0, NULL, NULL),
(605, 16, '2021-10-18', 1, NULL, NULL),
(606, 48, '2022-06-24', 1, NULL, NULL),
(607, 25, '2022-02-01', 1, NULL, NULL),
(608, 73, '2021-12-17', 0, NULL, NULL),
(609, 26, '2022-04-06', 0, NULL, NULL),
(610, 5, '2021-09-02', 1, NULL, NULL),
(611, 26, '2022-04-16', 1, NULL, NULL),
(612, 61, '2021-11-29', 1, NULL, NULL),
(613, 40, '2021-10-15', 0, NULL, NULL),
(614, 46, '2021-09-13', 0, NULL, NULL),
(615, 6, '2022-03-19', 0, NULL, NULL),
(616, 70, '2021-08-29', 1, NULL, NULL),
(617, 95, '2022-01-23', 0, NULL, NULL),
(618, 33, '2021-10-11', 0, NULL, NULL),
(619, 41, '2022-04-26', 0, NULL, NULL),
(620, 100, '2021-10-03', 0, NULL, NULL),
(621, 51, '2021-09-19', 0, NULL, NULL),
(622, 21, '2021-11-14', 0, NULL, NULL),
(623, 99, '2022-01-30', 1, NULL, NULL),
(624, 35, '2022-03-15', 1, NULL, NULL),
(625, 23, '2021-12-19', 1, NULL, NULL),
(626, 19, '2022-05-04', 1, NULL, NULL),
(627, 18, '2022-03-05', 1, NULL, NULL),
(628, 22, '2022-02-09', 1, NULL, NULL),
(629, 40, '2021-11-27', 1, NULL, NULL),
(630, 55, '2022-05-19', 0, NULL, NULL),
(631, 14, '2021-09-23', 1, NULL, NULL),
(632, 15, '2021-10-23', 0, NULL, NULL),
(633, 86, '2022-03-15', 1, NULL, NULL),
(634, 58, '2022-05-14', 1, NULL, NULL),
(635, 47, '2022-05-24', 0, NULL, NULL),
(636, 24, '2022-02-09', 0, NULL, NULL),
(637, 7, '2022-04-19', 1, NULL, NULL),
(638, 1, '2022-05-21', 0, NULL, NULL),
(639, 9, '2021-08-17', 0, NULL, NULL),
(640, 42, '2022-06-03', 1, NULL, NULL),
(641, 86, '2022-04-09', 0, NULL, NULL),
(642, 14, '2021-09-02', 1, NULL, NULL),
(643, 75, '2022-06-13', 1, NULL, NULL),
(644, 20, '2022-03-06', 1, NULL, NULL),
(645, 83, '2021-08-20', 1, NULL, NULL),
(646, 73, '2022-03-22', 0, NULL, NULL),
(647, 66, '2021-10-05', 1, NULL, NULL),
(648, 42, '2022-06-24', 0, NULL, NULL),
(649, 12, '2021-10-28', 1, NULL, NULL),
(650, 50, '2021-10-26', 0, NULL, NULL),
(651, 91, '2021-12-14', 0, NULL, NULL),
(652, 82, '2022-02-17', 1, NULL, NULL),
(653, 19, '2022-01-12', 1, NULL, NULL),
(654, 50, '2021-08-13', 0, NULL, NULL),
(655, 82, '2021-12-15', 0, NULL, NULL),
(656, 32, '2021-10-22', 0, NULL, NULL),
(657, 19, '2021-08-30', 1, NULL, NULL),
(658, 94, '2022-02-15', 0, NULL, NULL),
(659, 16, '2022-07-12', 0, NULL, NULL),
(660, 49, '2022-06-21', 0, NULL, NULL),
(661, 45, '2021-08-25', 0, NULL, NULL),
(662, 96, '2021-09-09', 0, NULL, NULL),
(663, 83, '2022-05-12', 0, NULL, NULL),
(664, 23, '2021-12-16', 1, NULL, NULL),
(665, 91, '2022-05-18', 0, NULL, NULL),
(666, 34, '2022-02-18', 0, NULL, NULL),
(667, 11, '2022-03-02', 0, NULL, NULL),
(668, 16, '2022-04-22', 0, NULL, NULL),
(669, 50, '2022-07-21', 0, NULL, NULL),
(670, 77, '2022-01-15', 1, NULL, NULL),
(671, 17, '2022-05-07', 0, NULL, NULL),
(672, 40, '2022-01-01', 1, NULL, NULL),
(673, 28, '2022-03-04', 1, NULL, NULL),
(674, 39, '2022-03-27', 0, NULL, NULL),
(675, 38, '2022-05-30', 0, NULL, NULL),
(676, 78, '2022-07-23', 1, NULL, NULL),
(677, 82, '2022-01-23', 0, NULL, NULL),
(678, 59, '2022-06-29', 0, NULL, NULL),
(679, 33, '2022-03-12', 1, NULL, NULL),
(680, 60, '2021-11-09', 0, NULL, NULL),
(681, 63, '2021-10-13', 0, NULL, NULL),
(682, 8, '2022-07-15', 0, NULL, NULL),
(683, 45, '2021-10-28', 1, NULL, NULL),
(684, 58, '2022-05-24', 1, NULL, NULL),
(685, 90, '2021-12-13', 0, NULL, NULL),
(686, 19, '2022-02-26', 1, NULL, NULL),
(687, 69, '2022-07-03', 1, NULL, NULL),
(688, 84, '2022-07-19', 0, NULL, NULL),
(689, 96, '2021-08-04', 1, NULL, NULL),
(690, 50, '2021-09-27', 0, NULL, NULL),
(691, 76, '2021-10-11', 1, NULL, NULL),
(692, 12, '2021-10-14', 1, NULL, NULL),
(693, 1, '2021-09-16', 1, NULL, NULL),
(694, 19, '2022-01-20', 0, NULL, NULL),
(695, 82, '2021-09-24', 0, NULL, NULL),
(696, 13, '2022-06-14', 1, NULL, NULL),
(697, 5, '2022-03-15', 1, NULL, NULL),
(698, 10, '2022-01-31', 1, NULL, NULL),
(699, 5, '2021-11-18', 1, NULL, NULL),
(700, 54, '2022-03-22', 0, NULL, NULL),
(701, 1, '2022-03-04', 1, NULL, NULL),
(702, 74, '2021-08-15', 0, NULL, NULL),
(703, 63, '2022-02-10', 1, NULL, NULL),
(704, 24, '2021-09-23', 1, NULL, NULL),
(705, 19, '2021-12-21', 0, NULL, NULL),
(706, 77, '2022-07-06', 0, NULL, NULL),
(707, 65, '2022-01-24', 0, NULL, NULL),
(708, 87, '2022-07-16', 1, NULL, NULL),
(709, 28, '2021-10-21', 1, NULL, NULL),
(710, 35, '2022-04-09', 1, NULL, NULL),
(711, 62, '2022-03-10', 1, NULL, NULL),
(712, 8, '2021-11-25', 0, NULL, NULL),
(713, 72, '2021-09-08', 1, NULL, NULL),
(714, 14, '2021-12-05', 0, NULL, NULL),
(715, 59, '2021-11-04', 0, NULL, NULL),
(716, 83, '2022-04-29', 0, NULL, NULL),
(717, 16, '2022-04-12', 1, NULL, NULL),
(718, 8, '2022-05-27', 0, NULL, NULL),
(719, 79, '2021-10-07', 0, NULL, NULL),
(720, 90, '2022-06-29', 0, NULL, NULL),
(721, 31, '2022-05-24', 0, NULL, NULL),
(722, 49, '2021-11-07', 0, NULL, NULL),
(723, 98, '2021-09-03', 0, NULL, NULL),
(724, 46, '2021-10-10', 1, NULL, NULL),
(725, 81, '2021-11-16', 0, NULL, NULL),
(726, 1, '2022-02-26', 1, NULL, NULL),
(727, 36, '2021-08-05', 1, NULL, NULL),
(728, 34, '2022-04-19', 0, NULL, NULL),
(729, 6, '2022-07-21', 0, NULL, NULL),
(730, 94, '2021-10-20', 0, NULL, NULL),
(731, 69, '2022-07-23', 0, NULL, NULL),
(732, 66, '2022-06-04', 0, NULL, NULL),
(733, 50, '2022-05-07', 1, NULL, NULL),
(734, 24, '2021-12-13', 0, NULL, NULL),
(735, 72, '2021-10-05', 0, NULL, NULL),
(736, 77, '2022-04-17', 1, NULL, NULL),
(737, 23, '2021-12-01', 1, NULL, NULL),
(738, 55, '2021-12-21', 1, NULL, NULL),
(739, 28, '2022-07-07', 0, NULL, NULL),
(740, 46, '2021-09-19', 1, NULL, NULL),
(741, 32, '2022-03-26', 0, NULL, NULL),
(742, 6, '2021-12-07', 1, NULL, NULL),
(743, 63, '2022-06-23', 0, NULL, NULL),
(744, 9, '2022-03-17', 1, NULL, NULL),
(745, 98, '2022-06-04', 0, NULL, NULL),
(746, 61, '2022-07-15', 1, NULL, NULL),
(747, 18, '2022-06-19', 1, NULL, NULL),
(748, 6, '2022-02-24', 1, NULL, NULL),
(749, 5, '2021-10-05', 0, NULL, NULL),
(750, 6, '2022-04-20', 0, NULL, NULL),
(751, 42, '2021-12-26', 1, NULL, NULL),
(752, 83, '2022-04-03', 0, NULL, NULL),
(753, 11, '2022-07-11', 0, NULL, NULL),
(754, 28, '2021-11-28', 0, NULL, NULL),
(755, 91, '2021-12-06', 0, NULL, NULL),
(756, 82, '2022-07-09', 0, NULL, NULL),
(757, 32, '2022-04-21', 0, NULL, NULL),
(758, 15, '2022-05-20', 1, NULL, NULL),
(759, 60, '2021-09-24', 0, NULL, NULL),
(760, 10, '2022-02-05', 1, NULL, NULL),
(761, 37, '2021-11-19', 1, NULL, NULL),
(762, 82, '2021-12-18', 1, NULL, NULL),
(763, 23, '2022-03-31', 1, NULL, NULL),
(764, 68, '2021-09-25', 1, NULL, NULL),
(765, 36, '2021-08-19', 1, NULL, NULL),
(766, 96, '2021-10-09', 0, NULL, NULL),
(767, 9, '2022-01-09', 1, NULL, NULL),
(768, 58, '2022-01-30', 1, NULL, NULL),
(769, 27, '2021-08-15', 0, NULL, NULL),
(770, 88, '2022-06-06', 0, NULL, NULL),
(771, 7, '2022-05-23', 0, NULL, NULL),
(772, 44, '2021-11-19', 0, NULL, NULL),
(773, 95, '2022-07-20', 1, NULL, NULL),
(774, 65, '2022-03-10', 1, NULL, NULL),
(775, 55, '2021-10-10', 1, NULL, NULL),
(776, 29, '2021-10-20', 1, NULL, NULL),
(777, 70, '2022-02-21', 0, NULL, NULL),
(778, 56, '2021-12-14', 1, NULL, NULL),
(779, 36, '2022-05-30', 1, NULL, NULL),
(780, 16, '2021-11-23', 1, NULL, NULL),
(781, 47, '2021-12-20', 1, NULL, NULL),
(782, 33, '2021-09-22', 0, NULL, NULL),
(783, 49, '2022-07-22', 0, NULL, NULL),
(784, 40, '2022-06-02', 0, NULL, NULL),
(785, 32, '2021-09-06', 1, NULL, NULL),
(786, 33, '2022-05-16', 1, NULL, NULL),
(787, 25, '2022-06-13', 0, NULL, NULL),
(788, 37, '2022-03-12', 1, NULL, NULL),
(789, 60, '2021-08-05', 1, NULL, NULL),
(790, 44, '2021-08-15', 0, NULL, NULL),
(791, 67, '2021-11-12', 1, NULL, NULL),
(792, 57, '2022-04-05', 0, NULL, NULL),
(793, 59, '2022-03-09', 0, NULL, NULL),
(794, 99, '2022-02-16', 0, NULL, NULL),
(795, 13, '2022-06-08', 0, NULL, NULL),
(796, 36, '2022-06-14', 1, NULL, NULL),
(797, 16, '2021-08-13', 1, NULL, NULL),
(798, 31, '2021-12-02', 1, NULL, NULL),
(799, 40, '2021-12-13', 1, NULL, NULL),
(800, 54, '2022-07-07', 1, NULL, NULL),
(801, 81, '2021-11-24', 1, NULL, NULL),
(802, 9, '2022-04-27', 1, NULL, NULL),
(803, 26, '2022-06-01', 1, NULL, NULL),
(804, 64, '2021-08-07', 0, NULL, NULL),
(805, 42, '2022-04-30', 0, NULL, NULL),
(806, 65, '2021-08-04', 1, NULL, NULL),
(807, 49, '2021-08-01', 0, NULL, NULL),
(808, 3, '2022-04-20', 1, NULL, NULL),
(809, 27, '2022-02-09', 1, NULL, NULL),
(810, 79, '2022-02-25', 1, NULL, NULL),
(811, 71, '2021-11-14', 1, NULL, NULL),
(812, 52, '2021-12-06', 0, NULL, NULL),
(813, 22, '2022-07-04', 1, NULL, NULL),
(814, 15, '2022-02-20', 0, NULL, NULL),
(815, 16, '2022-02-18', 0, NULL, NULL),
(816, 20, '2022-01-15', 1, NULL, NULL),
(817, 14, '2021-12-31', 0, NULL, NULL),
(818, 39, '2022-01-31', 0, NULL, NULL),
(819, 74, '2022-01-28', 1, NULL, NULL),
(820, 34, '2021-10-13', 0, NULL, NULL),
(821, 21, '2021-10-25', 1, NULL, NULL),
(822, 20, '2021-10-15', 1, NULL, NULL),
(823, 64, '2022-04-07', 1, NULL, NULL),
(824, 56, '2022-04-09', 1, NULL, NULL),
(825, 100, '2022-06-16', 0, NULL, NULL),
(826, 90, '2021-10-25', 0, NULL, NULL),
(827, 43, '2022-02-02', 1, NULL, NULL),
(828, 56, '2022-05-02', 0, NULL, NULL),
(829, 2, '2022-02-18', 1, NULL, NULL),
(830, 23, '2022-03-27', 0, NULL, NULL),
(831, 49, '2022-06-27', 1, NULL, NULL),
(832, 88, '2021-09-29', 1, NULL, NULL),
(833, 29, '2021-09-06', 1, NULL, NULL),
(834, 34, '2022-06-16', 1, NULL, NULL),
(835, 97, '2022-02-21', 1, NULL, NULL),
(836, 50, '2021-12-29', 0, NULL, NULL),
(837, 94, '2021-08-29', 0, NULL, NULL),
(838, 80, '2022-05-29', 0, NULL, NULL),
(839, 64, '2021-09-27', 0, NULL, NULL),
(840, 45, '2022-01-26', 1, NULL, NULL),
(841, 59, '2021-09-29', 0, NULL, NULL),
(842, 50, '2021-08-23', 0, NULL, NULL),
(843, 25, '2022-06-06', 0, NULL, NULL),
(844, 65, '2021-07-31', 0, NULL, NULL),
(845, 70, '2021-10-06', 1, NULL, NULL),
(846, 29, '2022-01-15', 0, NULL, NULL),
(847, 98, '2022-03-05', 1, NULL, NULL),
(848, 1, '2022-04-08', 1, NULL, NULL),
(849, 61, '2021-11-25', 1, NULL, NULL),
(850, 48, '2022-02-22', 1, NULL, NULL),
(851, 31, '2021-12-05', 0, NULL, NULL),
(852, 13, '2022-05-13', 1, NULL, NULL),
(853, 37, '2022-02-09', 1, NULL, NULL),
(854, 1, '2022-03-23', 0, NULL, NULL),
(855, 46, '2022-01-11', 1, NULL, NULL),
(856, 17, '2022-07-24', 0, NULL, NULL),
(857, 79, '2021-11-25', 1, NULL, NULL),
(858, 55, '2022-06-25', 1, NULL, NULL),
(859, 6, '2022-03-02', 1, NULL, NULL),
(860, 36, '2021-11-23', 1, NULL, NULL),
(861, 65, '2021-09-17', 0, NULL, NULL),
(862, 29, '2021-12-30', 1, NULL, NULL),
(863, 66, '2022-04-21', 1, NULL, NULL),
(864, 16, '2022-07-23', 1, NULL, NULL),
(865, 34, '2021-09-10', 0, NULL, NULL),
(866, 71, '2021-10-23', 0, NULL, NULL),
(867, 74, '2022-03-12', 0, NULL, NULL),
(868, 91, '2021-11-16', 0, NULL, NULL),
(869, 75, '2021-11-26', 1, NULL, NULL),
(870, 27, '2022-06-05', 1, NULL, NULL),
(871, 25, '2021-10-29', 1, NULL, NULL),
(872, 84, '2022-05-09', 1, NULL, NULL),
(873, 87, '2022-02-03', 0, NULL, NULL),
(874, 66, '2022-03-26', 0, NULL, NULL),
(875, 81, '2022-06-08', 1, NULL, NULL),
(876, 15, '2022-05-24', 1, NULL, NULL),
(877, 59, '2022-07-08', 1, NULL, NULL),
(878, 35, '2022-02-17', 0, NULL, NULL),
(879, 81, '2022-03-04', 0, NULL, NULL),
(880, 83, '2022-01-15', 0, NULL, NULL),
(881, 62, '2022-07-27', 0, NULL, NULL),
(882, 13, '2022-04-19', 1, NULL, NULL),
(883, 17, '2022-04-24', 0, NULL, NULL),
(884, 38, '2021-09-12', 1, NULL, NULL),
(885, 15, '2022-04-04', 0, NULL, NULL),
(886, 14, '2022-01-19', 0, NULL, NULL),
(887, 53, '2022-06-25', 1, NULL, NULL),
(888, 50, '2022-05-19', 1, NULL, NULL),
(889, 1, '2022-01-23', 0, NULL, NULL),
(890, 99, '2022-04-27', 0, NULL, NULL),
(891, 80, '2022-02-11', 0, NULL, NULL),
(892, 23, '2022-03-19', 0, NULL, NULL),
(893, 19, '2021-10-01', 0, NULL, NULL),
(894, 87, '2022-04-28', 1, NULL, NULL),
(895, 10, '2022-06-07', 0, NULL, NULL),
(896, 44, '2022-02-13', 0, NULL, NULL),
(897, 23, '2021-09-11', 0, NULL, NULL),
(898, 51, '2022-06-11', 1, NULL, NULL),
(899, 36, '2022-04-23', 0, NULL, NULL),
(900, 63, '2021-11-02', 1, NULL, NULL),
(901, 26, '2021-09-23', 0, NULL, NULL),
(902, 22, '2021-12-20', 0, NULL, NULL),
(903, 94, '2021-09-29', 1, NULL, NULL),
(904, 96, '2022-03-07', 1, NULL, NULL),
(905, 50, '2021-10-04', 0, NULL, NULL),
(906, 34, '2021-09-22', 1, NULL, NULL),
(907, 28, '2022-04-23', 0, NULL, NULL),
(908, 32, '2022-07-24', 1, NULL, NULL),
(909, 31, '2021-12-09', 0, NULL, NULL),
(910, 16, '2021-09-12', 1, NULL, NULL),
(911, 81, '2022-04-07', 0, NULL, NULL),
(912, 40, '2022-05-10', 1, NULL, NULL),
(913, 53, '2021-10-09', 1, NULL, NULL),
(914, 11, '2021-08-13', 0, NULL, NULL),
(915, 13, '2021-08-18', 0, NULL, NULL),
(916, 77, '2022-05-24', 0, NULL, NULL),
(917, 36, '2021-10-02', 1, NULL, NULL),
(918, 46, '2022-01-15', 1, NULL, NULL),
(919, 7, '2021-12-17', 0, NULL, NULL),
(920, 69, '2021-07-28', 1, NULL, NULL),
(921, 30, '2021-09-13', 1, NULL, NULL),
(922, 46, '2022-02-17', 1, NULL, NULL),
(923, 87, '2022-03-13', 0, NULL, NULL),
(924, 18, '2021-10-30', 1, NULL, NULL),
(925, 66, '2021-09-21', 1, NULL, NULL),
(926, 22, '2022-06-01', 1, NULL, NULL),
(927, 9, '2022-06-22', 1, NULL, NULL),
(928, 77, '2022-07-01', 1, NULL, NULL),
(929, 10, '2022-03-09', 1, NULL, NULL),
(930, 31, '2022-05-25', 1, NULL, NULL),
(931, 50, '2022-04-19', 0, NULL, NULL),
(932, 77, '2021-12-16', 1, NULL, NULL),
(933, 1, '2022-03-01', 0, NULL, NULL),
(934, 40, '2021-08-31', 1, NULL, NULL),
(935, 65, '2022-06-26', 1, NULL, NULL),
(936, 84, '2022-02-16', 1, NULL, NULL),
(937, 1, '2022-05-13', 0, NULL, NULL),
(938, 45, '2022-04-02', 1, NULL, NULL),
(939, 10, '2021-08-16', 1, NULL, NULL),
(940, 54, '2022-03-08', 1, NULL, NULL),
(941, 87, '2022-03-11', 0, NULL, NULL),
(942, 52, '2021-08-26', 0, NULL, NULL),
(943, 26, '2022-07-16', 1, NULL, NULL),
(944, 1, '2021-10-15', 1, NULL, NULL),
(945, 24, '2021-12-18', 0, NULL, NULL),
(946, 2, '2022-07-23', 0, NULL, NULL),
(947, 32, '2021-11-29', 0, NULL, NULL),
(948, 45, '2022-01-13', 1, NULL, NULL),
(949, 23, '2022-07-11', 0, NULL, NULL),
(950, 35, '2021-11-28', 0, NULL, NULL),
(951, 34, '2021-12-24', 0, NULL, NULL),
(952, 6, '2021-08-03', 0, NULL, NULL),
(953, 32, '2021-10-21', 0, NULL, NULL),
(954, 27, '2021-12-01', 0, NULL, NULL),
(955, 45, '2022-04-11', 1, NULL, NULL),
(956, 23, '2022-06-21', 1, NULL, NULL),
(957, 3, '2022-05-24', 0, NULL, NULL),
(958, 54, '2022-04-24', 1, NULL, NULL),
(959, 59, '2021-11-26', 0, NULL, NULL),
(960, 52, '2021-08-19', 1, NULL, NULL),
(961, 97, '2022-03-14', 1, NULL, NULL),
(962, 27, '2022-07-16', 0, NULL, NULL),
(963, 85, '2021-11-06', 1, NULL, NULL),
(964, 61, '2022-02-09', 0, NULL, NULL),
(965, 6, '2021-11-18', 0, NULL, NULL),
(966, 28, '2022-07-03', 1, NULL, NULL),
(967, 42, '2022-02-20', 0, NULL, NULL),
(968, 41, '2022-04-23', 1, NULL, NULL),
(969, 69, '2021-08-28', 0, NULL, NULL),
(970, 45, '2022-02-24', 1, NULL, NULL),
(971, 91, '2022-06-16', 1, NULL, NULL),
(972, 13, '2021-12-18', 1, NULL, NULL),
(973, 53, '2021-08-25', 1, NULL, NULL),
(974, 36, '2022-01-12', 0, NULL, NULL),
(975, 22, '2021-12-20', 0, NULL, NULL),
(976, 70, '2021-10-05', 1, NULL, NULL),
(977, 36, '2021-08-02', 0, NULL, NULL),
(978, 89, '2022-02-02', 1, NULL, NULL),
(979, 29, '2021-10-08', 0, NULL, NULL),
(980, 18, '2022-02-06', 0, NULL, NULL),
(981, 92, '2022-04-25', 0, NULL, NULL),
(982, 74, '2021-11-17', 1, NULL, NULL),
(983, 83, '2022-04-30', 1, NULL, NULL),
(984, 97, '2022-03-05', 1, NULL, NULL),
(985, 18, '2021-10-21', 1, NULL, NULL),
(986, 25, '2021-10-13', 0, NULL, NULL),
(987, 22, '2022-02-12', 1, NULL, NULL),
(988, 42, '2022-07-17', 1, NULL, NULL),
(989, 30, '2022-02-27', 1, NULL, NULL),
(990, 37, '2021-08-31', 1, NULL, NULL),
(991, 47, '2021-12-18', 1, NULL, NULL),
(992, 91, '2022-02-19', 1, NULL, NULL),
(993, 73, '2021-10-01', 0, NULL, NULL),
(994, 43, '2022-05-05', 0, NULL, NULL),
(995, 54, '2021-09-06', 0, NULL, NULL),
(996, 49, '2022-04-25', 1, NULL, NULL),
(997, 70, '2021-08-21', 0, NULL, NULL),
(998, 5, '2021-10-05', 1, NULL, NULL),
(999, 33, '2021-11-13', 1, NULL, NULL),
(1000, 32, '2022-05-18', 0, NULL, NULL);

-- --------------------------------------------------------

--
-- Table structure for table `gx_permissions`
--

CREATE TABLE `gx_permissions` (
  `ID` bigint(20) UNSIGNED NOT NULL,
  `user_ID` bigint(20) NOT NULL,
  `permission` text COLLATE utf8mb4_unicode_ci NOT NULL
) ENGINE=InnoDB DEFAULT CHARSET=utf8mb4 COLLATE=utf8mb4_unicode_ci;

--
-- Dumping data for table `gx_permissions`
--

INSERT INTO `gx_permissions` (`ID`, `user_ID`, `permission`) VALUES
(1, 1, 'sections.manage'),
(2, 1, 'students.manage'),
(3, 1, 'attendance.manage'),
(4, 1, 'trips.canceled.show');

-- --------------------------------------------------------

--
-- Table structure for table `gx_sections`
--

CREATE TABLE `gx_sections` (
  `ID` bigint(20) UNSIGNED NOT NULL,
  `name` text COLLATE utf8mb4_unicode_ci NOT NULL,
  `created_at` timestamp NULL DEFAULT NULL,
  `updated_at` timestamp NULL DEFAULT NULL
) ENGINE=InnoDB DEFAULT CHARSET=utf8mb4 COLLATE=utf8mb4_unicode_ci;

--
-- Dumping data for table `gx_sections`
--

INSERT INTO `gx_sections` (`ID`, `name`, `created_at`, `updated_at`) VALUES
(1, 'الصف الاول الثانوى', NULL, NULL),
(2, 'الصف الثانى الثانوى', NULL, NULL),
(3, 'الصف الثالث الثانوى', NULL, NULL);

-- --------------------------------------------------------

--
-- Table structure for table `gx_students`
--

CREATE TABLE `gx_students` (
  `ID` bigint(20) UNSIGNED NOT NULL,
  `name` text COLLATE utf8mb4_unicode_ci NOT NULL,
  `gender` text COLLATE utf8mb4_unicode_ci NOT NULL,
  `email` text COLLATE utf8mb4_unicode_ci DEFAULT NULL,
  `phone` text COLLATE utf8mb4_unicode_ci DEFAULT NULL,
  `father_name` text COLLATE utf8mb4_unicode_ci DEFAULT NULL,
  `father_phone` text COLLATE utf8mb4_unicode_ci DEFAULT NULL,
  `address` text COLLATE utf8mb4_unicode_ci DEFAULT NULL,
  `section_ID` text COLLATE utf8mb4_unicode_ci DEFAULT NULL,
  `created_at` timestamp NULL DEFAULT NULL,
  `updated_at` timestamp NULL DEFAULT NULL
) ENGINE=InnoDB DEFAULT CHARSET=utf8mb4 COLLATE=utf8mb4_unicode_ci;

--
-- Dumping data for table `gx_students`
--

INSERT INTO `gx_students` (`ID`, `name`, `gender`, `email`, `phone`, `father_name`, `father_phone`, `address`, `section_ID`, `created_at`, `updated_at`) VALUES
(1, 'Stavros', 'Male', 'tmatyas0@thetimes.co.uk', '(294) 5346857', 'Tirrell', '(373) 8073101', '80639 Fallview Way', '1', NULL, NULL),
(2, 'Issy', 'Female', 'atellenbrook1@list-manage.com', '(874) 2176260', 'Aldin', '(316) 9263484', '2 3rd Junction', '1', NULL, NULL),
(3, 'Will', 'Male', 'aapril2@hc360.com', '(978) 6039697', 'Andie', '(841) 9817803', '4 Vahlen Point', '1', NULL, NULL),
(4, 'Barde', 'Male', 'gbosence3@hexun.com', '(559) 5384530', 'Garrott', '(678) 9826099', '90 Birchwood Way', '1', NULL, NULL),
(5, 'Doyle', 'Male', 'gbaurerich4@purevolume.com', '(340) 4651196', 'Gasparo', '(378) 1346278', '35 Kedzie Park', '1', NULL, NULL),
(6, 'Emilie', 'Female', 'mpyner5@sbwire.com', '(949) 5351231', 'Myer', '(190) 1109955', '690 Union Junction', '1', NULL, NULL),
(7, 'Stern', 'Male', 'gbillo6@ovh.net', '(268) 3960333', 'Geordie', '(414) 4426749', '85 American Ash Point', '1', NULL, NULL),
(8, 'Paloma', 'Female', 'pluggar7@multiply.com', '(481) 6346711', 'Penrod', '(838) 9268560', '568 Northview Lane', '1', NULL, NULL),
(9, 'Burl', 'Male', 'tmacaloren8@sogou.com', '(545) 5955591', 'Traver', '(843) 7803319', '1920 Browning Pass', '1', NULL, NULL),
(10, 'Lauren', 'Female', 'sstronghill9@mit.edu', '(281) 1229264', 'Sholom', '(742) 6837064', '8408 Towne Avenue', '1', NULL, NULL),
(11, 'Phyllida', 'Non-binary', 'weykela@prweb.com', '(860) 3034734', 'Wilt', '(952) 4901201', '7277 Buena Vista Road', '1', NULL, NULL),
(12, 'Bertie', 'Female', 'cjindrichb@msn.com', '(395) 3417277', 'Conroy', '(198) 9157537', '7214 Anderson Hill', '1', NULL, NULL),
(13, 'Winston', 'Male', 'zbrockbankc@telegraph.co.uk', '(657) 1597239', 'Zacherie', '(924) 5803194', '40 Northport Point', '1', NULL, NULL),
(14, 'Had', 'Male', 'jmcguired@thetimes.co.uk', '(296) 6974182', 'Joe', '(488) 6724914', '6 Mariners Cove Parkway', '1', NULL, NULL),
(15, 'Arleen', 'Female', 'pjancye@mlb.com', '(295) 8521197', 'Pembroke', '(868) 6474124', '119 Pierstorff Lane', '1', NULL, NULL),
(16, 'Gonzales', 'Male', 'sfidgettf@mlb.com', '(216) 8037013', 'Syd', '(318) 2988669', '1035 Northfield Place', '1', NULL, NULL),
(17, 'Helene', 'Female', 'nhuddartg@cdbaby.com', '(423) 3525038', 'Neddie', '(173) 1874704', '7177 Mifflin Point', '1', NULL, NULL),
(18, 'Wallace', 'Male', 'gbellinghamh@miitbeian.gov.cn', '(158) 2993030', 'Geordie', '(307) 6894861', '507 Havey Plaza', '1', NULL, NULL),
(19, 'Tobin', 'Male', 'vmuffetti@ihg.com', '(193) 5606580', 'Verne', '(900) 9958153', '0350 Lawn Circle', '1', NULL, NULL),
(20, 'Biron', 'Male', 'methersonj@digg.com', '(268) 1263781', 'Mohammed', '(468) 4830662', '170 Fair Oaks Center', '1', NULL, NULL),
(21, 'Susanna', 'Bigender', 'calbinsonk@mtv.com', '(153) 1885695', 'Caspar', '(501) 3940025', '51123 Londonderry Plaza', '1', NULL, NULL),
(22, 'Carmine', 'Male', 'hetteridgel@ameblo.jp', '(891) 2925853', 'Hakeem', '(363) 8645850', '66896 Nelson Parkway', '1', NULL, NULL),
(23, 'Hewe', 'Male', 'ecrannam@ifeng.com', '(637) 4021288', 'Egbert', '(583) 4187204', '872 Homewood Park', '1', NULL, NULL),
(24, 'Allyce', 'Female', 'bmccurlyen@edublogs.org', '(568) 9066714', 'Burty', '(848) 7491513', '99 Fairfield Trail', '1', NULL, NULL),
(25, 'Stavros', 'Male', 'dpaggitto@mtv.com', '(100) 7534872', 'Demetre', '(142) 3532875', '02695 Portage Alley', '1', NULL, NULL),
(26, 'Sharl', 'Female', 'jtrousdellp@biglobe.ne.jp', '(987) 4566680', 'Jeramey', '(294) 6852184', '725 Marquette Way', '1', NULL, NULL),
(27, 'Jefferson', 'Male', 'ostudholmeq@wordpress.com', '(615) 3470200', 'Osbourn', '(942) 3239334', '2 Cascade Alley', '1', NULL, NULL),
(28, 'Bastien', 'Male', 'kfrenzlr@wisc.edu', '(545) 6749068', 'Kerr', '(357) 9382320', '7 Heffernan Crossing', '1', NULL, NULL),
(29, 'Bryant', 'Male', 'pchurchards@smh.com.au', '(605) 7202235', 'Purcell', '(244) 9539610', '25609 Raven Way', '1', NULL, NULL),
(30, 'Terese', 'Female', 'nmappt@msn.com', '(799) 3542587', 'Ned', '(451) 8713382', '3289 Talmadge Trail', '1', NULL, NULL),
(31, 'Melanie', 'Female', 'gmacmichaelu@state.gov', '(411) 3435001', 'Griffin', '(399) 1874165', '9 Superior Street', '1', NULL, NULL),
(32, 'Joanne', 'Female', 'jdeddenv@princeton.edu', '(491) 4565318', 'Johnny', '(517) 3649478', '362 Darwin Way', '1', NULL, NULL),
(33, 'Lauree', 'Female', 'cgalifordw@dmoz.org', '(637) 6993830', 'Carson', '(292) 8185270', '6217 Oak Avenue', '1', NULL, NULL),
(34, 'Rowen', 'Male', 'adefriesx@youku.com', '(858) 8528597', 'Alaster', '(338) 4173120', '900 Moland Trail', '1', NULL, NULL),
(35, 'Aeriela', 'Polygender', 'omeffiny@qq.com', '(233) 6243845', 'Orazio', '(806) 8442111', '798 International Point', '1', NULL, NULL),
(36, 'Montague', 'Male', 'mvoffz@loc.gov', '(598) 7883921', 'Marcus', '(279) 9726853', '1219 Lunder Circle', '1', NULL, NULL),
(37, 'Shay', 'Female', 'grugge10@weather.com', '(209) 9979880', 'Griz', '(372) 7356028', '429 Autumn Leaf Junction', '1', NULL, NULL),
(38, 'Kerk', 'Male', 'wgrieves11@xrea.com', '(234) 1068072', 'Willem', '(761) 5628881', '85 3rd Place', '1', NULL, NULL),
(39, 'Debbie', 'Female', 'hquixley12@edublogs.org', '(616) 2137822', 'Herbert', '(560) 8118222', '046 Di Loreto Way', '1', NULL, NULL),
(40, 'Kiele', 'Female', 'qhaggard13@istockphoto.com', '(800) 1650333', 'Quincey', '(560) 8501209', '2919 Mccormick Center', '1', NULL, NULL),
(41, 'Brendin', 'Male', 'atremberth14@guardian.co.uk', '(127) 6489361', 'Anatole', '(599) 2259693', '5874 Garrison Trail', '1', NULL, NULL),
(42, 'Christian', 'Female', 'cstoate15@hubpages.com', '(777) 7358472', 'Cleavland', '(381) 5009794', '325 Loeprich Circle', '1', NULL, NULL),
(43, 'Tallie', 'Male', 'balfonsini16@bbc.co.uk', '(183) 1346239', 'Barton', '(925) 1499843', '2 Weeping Birch Court', '1', NULL, NULL),
(44, 'Selle', 'Non-binary', 'cmcgilbon17@cpanel.net', '(439) 1964657', 'Carny', '(276) 7951262', '1438 Meadow Vale Court', '1', NULL, NULL),
(45, 'Sharl', 'Non-binary', 'fbernolet18@clickbank.net', '(698) 4577161', 'Fabio', '(997) 6111131', '9 Nevada Lane', '1', NULL, NULL),
(46, 'Trixi', 'Female', 'rjurzyk19@yahoo.co.jp', '(953) 8392272', 'Rawley', '(658) 4862969', '542 Sutherland Park', '1', NULL, NULL),
(47, 'Karlen', 'Female', 'tarnell1a@microsoft.com', '(955) 3369824', 'Temp', '(280) 5240793', '85 Bunker Hill Junction', '1', NULL, NULL),
(48, 'Tracie', 'Male', 'bkiddle1b@hc360.com', '(203) 1312572', 'Bren', '(342) 1166585', '140 Muir Parkway', '1', NULL, NULL),
(49, 'Iver', 'Male', 'bolland1c@histats.com', '(767) 4200873', 'Bar', '(439) 5905777', '5234 Delaware Drive', '1', NULL, NULL),
(50, 'Spenser', 'Male', 'dfinlay1d@themeforest.net', '(973) 3506447', 'Delaney', '(571) 1966545', '21503 Sauthoff Pass', '1', NULL, NULL),
(51, 'Larisa', 'Female', 'ajoysey1e@about.com', '(354) 5771131', 'Ailbert', '(312) 6895769', '70631 Carey Drive', '1', NULL, NULL),
(52, 'Cobby', 'Male', 'drought1f@archive.org', '(807) 6113153', 'Daryle', '(388) 8035247', '14 Del Sol Center', '1', NULL, NULL),
(53, 'Kerk', 'Male', 'ubuttler1g@lulu.com', '(127) 2916680', 'Udall', '(577) 7010021', '0528 Sundown Park', '1', NULL, NULL),
(54, 'Alvis', 'Male', 'rsaffen1h@sbwire.com', '(561) 1555076', 'Rabi', '(646) 6805903', '83 Trailsway Center', '1', NULL, NULL),
(55, 'Dar', 'Male', 'jostrich1i@g.co', '(561) 7073941', 'Jamal', '(379) 4400229', '02754 Sundown Trail', '1', NULL, NULL),
(56, 'Townsend', 'Male', 'bjerrans1j@google.pl', '(603) 8290141', 'Bradan', '(710) 7616579', '22671 Troy Road', '1', NULL, NULL),
(57, 'Natalie', 'Female', 'amcgrory1k@mapy.cz', '(489) 7565962', 'Asa', '(299) 7084087', '49 Dapin Drive', '1', NULL, NULL),
(58, 'Morly', 'Genderqueer', 'gboulde1l@google.nl', '(739) 8385042', 'Gavan', '(486) 6540601', '730 Jackson Trail', '1', NULL, NULL),
(59, 'Wes', 'Polygender', 'olebarre1m@privacy.gov.au', '(841) 6109707', 'Olenolin', '(560) 6600084', '723 Lukken Hill', '1', NULL, NULL),
(60, 'Ernestine', 'Female', 'hellerton1n@yolasite.com', '(192) 4735492', 'Hillie', '(184) 4314754', '94 Express Plaza', '1', NULL, NULL),
(61, 'Selie', 'Female', 'bwillas1o@adobe.com', '(596) 4471464', 'Byrann', '(360) 8565663', '4 Randy Junction', '1', NULL, NULL),
(62, 'Marijo', 'Female', 'tjimmes1p@hhs.gov', '(736) 5911850', 'Tore', '(757) 1745824', '658 Blackbird Pass', '1', NULL, NULL),
(63, 'Kym', 'Female', 'chess1q@slate.com', '(379) 7846824', 'Chrotoem', '(581) 2239936', '91 Lawn Alley', '1', NULL, NULL),
(64, 'Nat', 'Male', 'rsemark1r@oakley.com', '(512) 8013899', 'Reinwald', '(443) 1734396', '2 Eggendart Park', '1', NULL, NULL),
(65, 'Johnny', 'Male', 'otyce1s@cyberchimps.com', '(417) 8271350', 'Orazio', '(174) 7221195', '5 Park Meadow Court', '1', NULL, NULL),
(66, 'Arvin', 'Male', 'fcoad1t@cocolog-nifty.com', '(148) 1722335', 'Frederigo', '(427) 7887025', '00 Starling Court', '1', NULL, NULL),
(67, 'Dale', 'Male', 'bwison1u@ovh.net', '(298) 1362283', 'Briant', '(910) 6180924', '582 Little Fleur Lane', '1', NULL, NULL),
(68, 'Ogdan', 'Male', 'jrockhall1v@noaa.gov', '(465) 9026701', 'Jacques', '(187) 9612672', '7 Dryden Hill', '1', NULL, NULL),
(69, 'Davis', 'Male', 'rcrielly1w@gnu.org', '(684) 6394399', 'Randolph', '(194) 3749740', '67 Troy Street', '1', NULL, NULL),
(70, 'Miof mela', 'Female', 'slainton1x@auda.org.au', '(343) 7212850', 'Sheffie', '(705) 9270014', '9595 Golf Course Court', '1', NULL, NULL),
(71, 'Geraldine', 'Female', 'piseton1y@opera.com', '(186) 4959277', 'Patsy', '(800) 3674566', '27 Memorial Way', '1', NULL, NULL),
(72, 'Jewelle', 'Female', 'oandreuzzi1z@nasa.gov', '(572) 9892146', 'Odey', '(699) 9369612', '67694 Farwell Point', '1', NULL, NULL),
(73, 'Holli', 'Female', 'dbridgnell20@sohu.com', '(465) 4002346', 'Dewain', '(150) 1015225', '4 Hallows Street', '1', NULL, NULL),
(74, 'Beatrisa', 'Female', 'bbloxsom21@psu.edu', '(730) 2205675', 'Basile', '(985) 2092347', '1701 Vahlen Way', '1', NULL, NULL),
(75, 'Ray', 'Male', 'cwivell22@mlb.com', '(941) 7175019', 'Craggie', '(107) 2566427', '637 Darwin Crossing', '1', NULL, NULL),
(76, 'Preston', 'Male', 'ckellington23@opera.com', '(267) 2365803', 'Cal', '(957) 1965224', '20699 Schmedeman Place', '1', NULL, NULL),
(77, 'Waylin', 'Male', 'emenilove24@umich.edu', '(551) 7768771', 'Erick', '(539) 3260438', '04 Londonderry Place', '1', NULL, NULL),
(78, 'Violetta', 'Female', 'tdorkins25@princeton.edu', '(875) 4480241', 'Tedman', '(295) 3308574', '43766 Lyons Center', '1', NULL, NULL),
(79, 'Rice', 'Male', 'pkielty26@soup.io', '(947) 1108469', 'Padgett', '(180) 8732167', '6574 Mcbride Alley', '1', NULL, NULL),
(80, 'Mitchel', 'Male', 'sbonnick27@hp.com', '(334) 3899945', 'Sergei', '(138) 5381455', '2341 Burrows Park', '1', NULL, NULL),
(81, 'Cicely', 'Female', 'thunnicutt28@discuz.net', '(955) 2586383', 'Trey', '(739) 5291032', '8549 Brown Place', '1', NULL, NULL),
(82, 'Scot', 'Male', 'mlowrance29@eepurl.com', '(915) 8788258', 'My', '(895) 4066974', '6 Ludington Plaza', '1', NULL, NULL),
(83, 'Abbot', 'Male', 'cdavy2a@google.ru', '(152) 5025972', 'Cecilius', '(822) 9241338', '0227 Morrow Road', '1', NULL, NULL),
(84, 'Iorgo', 'Male', 'mbranston2b@google.com.br', '(157) 9464132', 'Martino', '(517) 5430830', '5 Dryden Center', '1', NULL, NULL),
(85, 'Ronna', 'Female', 'bblues2c@howstuffworks.com', '(600) 7153335', 'Boot', '(346) 7465144', '8 Lighthouse Bay Parkway', '1', NULL, NULL),
(86, 'Meir', 'Male', 'abridgewood2d@seesaa.net', '(481) 6720115', 'Artair', '(167) 6553008', '36 Oxford Junction', '1', NULL, NULL),
(87, 'Kerry', 'Male', 'thaydock2e@creativecommons.org', '(488) 8485123', 'Tucky', '(442) 9418305', '5 Monument Drive', '1', NULL, NULL),
(88, 'Maridel', 'Female', 'kfraczkiewicz2f@deliciousdays.com', '(441) 8573019', 'Konstantin', '(672) 2218750', '48376 Riverside Trail', '1', NULL, NULL),
(89, 'Hurlee', 'Male', 'vwarder2g@amazonaws.com', '(907) 2625972', 'Verney', '(943) 4841254', '120 Packers Pass', '1', NULL, NULL),
(90, 'Leora', 'Genderfluid', 'wkerley2h@yahoo.co.jp', '(676) 7463881', 'Washington', '(471) 8839061', '11 Carey Terrace', '1', NULL, NULL),
(91, 'Justino', 'Male', 'imcvee2i@ow.ly', '(373) 8356299', 'Ingmar', '(758) 9129209', '6 Graedel Avenue', '1', NULL, NULL),
(92, 'Christal', 'Female', 'mcornbill2j@boston.com', '(119) 7305262', 'Mycah', '(725) 1530659', '82098 Bay Lane', '1', NULL, NULL),
(93, 'Tobin', 'Male', 'bshafe2k@trellian.com', '(441) 8179193', 'Brendin', '(308) 6780102', '6 Russell Avenue', '1', NULL, NULL),
(94, 'Gabriellia', 'Female', 'gescoffier2l@aol.com', '(575) 6607524', 'Germaine', '(714) 4484370', '0746 Toban Way', '1', NULL, NULL),
(95, 'Paten', 'Genderfluid', 'ojewkes2m@wikia.com', '(462) 3431159', 'Obediah', '(671) 4043404', '61 Sage Court', '1', NULL, NULL),
(96, 'Jonathon', 'Male', 'nmaciaszczyk2n@usatoday.com', '(326) 8716520', 'Nevin', '(475) 6365978', '09829 Burning Wood Hill', '1', NULL, NULL),
(97, 'Raff', 'Male', 'rtucknott2o@netscape.com', '(331) 5738406', 'Ross', '(820) 7658902', '76 Glacier Hill Park', '1', NULL, NULL),
(98, 'Reynolds', 'Male', 'mbernhart2p@cbslocal.com', '(321) 3866294', 'Michail', '(369) 9506020', '07 Little Fleur Court', '1', NULL, NULL),
(99, 'Georgine', 'Female', 'aofinan2q@usnews.com', '(931) 1956360', 'Aldous', '(756) 8434747', '768 Kropf Way', '1', NULL, NULL),
(100, 'Shauna', 'Female', 'bcrauford2r@princeton.edu', '(374) 4733419', 'Brant', '(859) 6425490', '8 Morning Hill', '1', NULL, NULL);

-- --------------------------------------------------------

--
-- Table structure for table `migrations`
--

CREATE TABLE `migrations` (
  `id` int(10) UNSIGNED NOT NULL,
  `migration` varchar(255) COLLATE utf8mb4_unicode_ci NOT NULL,
  `batch` int(11) NOT NULL
) ENGINE=InnoDB DEFAULT CHARSET=utf8mb4 COLLATE=utf8mb4_unicode_ci;

--
-- Dumping data for table `migrations`
--

INSERT INTO `migrations` (`id`, `migration`, `batch`) VALUES
(1, '2014_10_12_000000_create_users_table', 1),
(2, '2014_10_12_100000_create_password_resets_table', 1),
(3, '2019_08_19_000000_create_failed_jobs_table', 1),
(4, '2019_12_14_000001_create_personal_access_tokens_table', 1),
(5, '2022_06_16_130332_create_gx_permissions_table', 1),
(6, '2022_07_28_065549_create_gx_students_table', 1),
(7, '2022_07_28_070519_create_gx_sections_table', 1),
(8, '2022_07_28_080500_create_sessions_table', 2),
(9, '2022_07_28_090502_create_gx_attendance_table', 3);

-- --------------------------------------------------------

--
-- Table structure for table `password_resets`
--

CREATE TABLE `password_resets` (
  `email` varchar(255) COLLATE utf8mb4_unicode_ci NOT NULL,
  `token` varchar(255) COLLATE utf8mb4_unicode_ci NOT NULL,
  `created_at` timestamp NULL DEFAULT NULL
) ENGINE=InnoDB DEFAULT CHARSET=utf8mb4 COLLATE=utf8mb4_unicode_ci;

-- --------------------------------------------------------

--
-- Table structure for table `personal_access_tokens`
--

CREATE TABLE `personal_access_tokens` (
  `id` bigint(20) UNSIGNED NOT NULL,
  `tokenable_type` varchar(255) COLLATE utf8mb4_unicode_ci NOT NULL,
  `tokenable_id` bigint(20) UNSIGNED NOT NULL,
  `name` varchar(255) COLLATE utf8mb4_unicode_ci NOT NULL,
  `token` varchar(64) COLLATE utf8mb4_unicode_ci NOT NULL,
  `abilities` text COLLATE utf8mb4_unicode_ci DEFAULT NULL,
  `last_used_at` timestamp NULL DEFAULT NULL,
  `created_at` timestamp NULL DEFAULT NULL,
  `updated_at` timestamp NULL DEFAULT NULL
) ENGINE=InnoDB DEFAULT CHARSET=utf8mb4 COLLATE=utf8mb4_unicode_ci;

-- --------------------------------------------------------

--
-- Table structure for table `sessions`
--

CREATE TABLE `sessions` (
  `id` varchar(255) COLLATE utf8mb4_unicode_ci NOT NULL,
  `user_id` bigint(20) UNSIGNED DEFAULT NULL,
  `ip_address` varchar(45) COLLATE utf8mb4_unicode_ci DEFAULT NULL,
  `user_agent` text COLLATE utf8mb4_unicode_ci DEFAULT NULL,
  `payload` text COLLATE utf8mb4_unicode_ci NOT NULL,
  `last_activity` int(11) NOT NULL
) ENGINE=InnoDB DEFAULT CHARSET=utf8mb4 COLLATE=utf8mb4_unicode_ci;

--
-- Dumping data for table `sessions`
--

INSERT INTO `sessions` (`id`, `user_id`, `ip_address`, `user_agent`, `payload`, `last_activity`) VALUES
('YPf1lEfEjYGib7AFqVUgdA2dcD4kHiy0b3h4JPNy', 1, '127.0.0.1', 'Mozilla/5.0 (Windows NT 10.0; Win64; x64) AppleWebKit/537.36 (KHTML, like Gecko) Chrome/103.0.0.0 Safari/537.36', 'YTo0OntzOjk6Il9wcmV2aW91cyI7YToxOntzOjM6InVybCI7czo2MToiaHR0cDovLzEyNy4wLjAuMTo4MDAwL2F0dGVuZGFuY2U/ZGF0ZT0yMDIyLTA3LTAxJnNlY3Rpb25fSUQ9MSI7fXM6NjoiX2ZsYXNoIjthOjI6e3M6Mzoib2xkIjthOjA6e31zOjM6Im5ldyI7YTowOnt9fXM6NjoiX3Rva2VuIjtzOjQwOiJVamREV0Z1VEdUdDY4bW1SeW5wekdQbk14cXBDNFJ5R0JoOUZSS3JLIjtzOjUwOiJsb2dpbl93ZWJfNTliYTM2YWRkYzJiMmY5NDAxNTgwZjAxNGM3ZjU4ZWE0ZTMwOTg5ZCI7aToxO30=', 1659002240);

-- --------------------------------------------------------

--
-- Table structure for table `users`
--

CREATE TABLE `users` (
  `id` bigint(20) UNSIGNED NOT NULL,
  `name` varchar(255) COLLATE utf8mb4_unicode_ci NOT NULL,
  `email` varchar(255) COLLATE utf8mb4_unicode_ci NOT NULL,
  `email_verified_at` timestamp NULL DEFAULT NULL,
  `password` varchar(255) COLLATE utf8mb4_unicode_ci NOT NULL,
  `role` varchar(255) COLLATE utf8mb4_unicode_ci NOT NULL,
  `remember_token` varchar(100) COLLATE utf8mb4_unicode_ci DEFAULT NULL,
  `image` text COLLATE utf8mb4_unicode_ci NOT NULL,
  `created_at` timestamp NULL DEFAULT NULL,
  `updated_at` timestamp NULL DEFAULT NULL
) ENGINE=InnoDB DEFAULT CHARSET=utf8mb4 COLLATE=utf8mb4_unicode_ci;

--
-- Dumping data for table `users`
--

INSERT INTO `users` (`id`, `name`, `email`, `email_verified_at`, `password`, `role`, `remember_token`, `image`, `created_at`, `updated_at`) VALUES
(1, 'Zizo', 'geekabdelaziz@gmail.com', NULL, '$2a$12$nXLlO6c8AhVWvAK7Ui1Nbenr.V9nmmK04wpOHujJVEgILh/Sh1FGG', 'admin', NULL, '', NULL, NULL),
(3, 'geekabdelaziz@gmail.com', 'geekabdelaziz11@gmail.com', NULL, '$2y$10$Zj/34A/mJtw4qAQwn2IlG.WqJwJ/lgWJjaaShvvxuHWFveXu6C.g.', 'user', NULL, '202207280915Certificate.jpg', '2022-07-28 07:15:02', '2022-07-28 07:15:02');

--
-- Indexes for dumped tables
--

--
-- Indexes for table `failed_jobs`
--
ALTER TABLE `failed_jobs`
  ADD PRIMARY KEY (`id`),
  ADD UNIQUE KEY `failed_jobs_uuid_unique` (`uuid`);

--
-- Indexes for table `gx_attendance`
--
ALTER TABLE `gx_attendance`
  ADD PRIMARY KEY (`ID`);

--
-- Indexes for table `gx_permissions`
--
ALTER TABLE `gx_permissions`
  ADD PRIMARY KEY (`ID`);

--
-- Indexes for table `gx_sections`
--
ALTER TABLE `gx_sections`
  ADD PRIMARY KEY (`ID`);

--
-- Indexes for table `gx_students`
--
ALTER TABLE `gx_students`
  ADD PRIMARY KEY (`ID`);

--
-- Indexes for table `migrations`
--
ALTER TABLE `migrations`
  ADD PRIMARY KEY (`id`);

--
-- Indexes for table `password_resets`
--
ALTER TABLE `password_resets`
  ADD KEY `password_resets_email_index` (`email`);

--
-- Indexes for table `personal_access_tokens`
--
ALTER TABLE `personal_access_tokens`
  ADD PRIMARY KEY (`id`),
  ADD UNIQUE KEY `personal_access_tokens_token_unique` (`token`),
  ADD KEY `personal_access_tokens_tokenable_type_tokenable_id_index` (`tokenable_type`,`tokenable_id`);

--
-- Indexes for table `sessions`
--
ALTER TABLE `sessions`
  ADD PRIMARY KEY (`id`),
  ADD KEY `sessions_user_id_index` (`user_id`),
  ADD KEY `sessions_last_activity_index` (`last_activity`);

--
-- Indexes for table `users`
--
ALTER TABLE `users`
  ADD PRIMARY KEY (`id`),
  ADD UNIQUE KEY `users_email_unique` (`email`);

--
-- AUTO_INCREMENT for dumped tables
--

--
-- AUTO_INCREMENT for table `failed_jobs`
--
ALTER TABLE `failed_jobs`
  MODIFY `id` bigint(20) UNSIGNED NOT NULL AUTO_INCREMENT;

--
-- AUTO_INCREMENT for table `gx_attendance`
--
ALTER TABLE `gx_attendance`
  MODIFY `ID` bigint(20) UNSIGNED NOT NULL AUTO_INCREMENT, AUTO_INCREMENT=1001;

--
-- AUTO_INCREMENT for table `gx_permissions`
--
ALTER TABLE `gx_permissions`
  MODIFY `ID` bigint(20) UNSIGNED NOT NULL AUTO_INCREMENT, AUTO_INCREMENT=5;

--
-- AUTO_INCREMENT for table `gx_sections`
--
ALTER TABLE `gx_sections`
  MODIFY `ID` bigint(20) UNSIGNED NOT NULL AUTO_INCREMENT, AUTO_INCREMENT=4;

--
-- AUTO_INCREMENT for table `gx_students`
--
ALTER TABLE `gx_students`
  MODIFY `ID` bigint(20) UNSIGNED NOT NULL AUTO_INCREMENT, AUTO_INCREMENT=1001;

--
-- AUTO_INCREMENT for table `migrations`
--
ALTER TABLE `migrations`
  MODIFY `id` int(10) UNSIGNED NOT NULL AUTO_INCREMENT, AUTO_INCREMENT=10;

--
-- AUTO_INCREMENT for table `personal_access_tokens`
--
ALTER TABLE `personal_access_tokens`
  MODIFY `id` bigint(20) UNSIGNED NOT NULL AUTO_INCREMENT;

--
-- AUTO_INCREMENT for table `users`
--
ALTER TABLE `users`
  MODIFY `id` bigint(20) UNSIGNED NOT NULL AUTO_INCREMENT, AUTO_INCREMENT=4;
COMMIT;

/*!40101 SET CHARACTER_SET_CLIENT=@OLD_CHARACTER_SET_CLIENT */;
/*!40101 SET CHARACTER_SET_RESULTS=@OLD_CHARACTER_SET_RESULTS */;
/*!40101 SET COLLATION_CONNECTION=@OLD_COLLATION_CONNECTION */;
